month,purpose_type,number_of_vessel_calls,gross_tonnage
1993-01,Cargo,3435,28623.45
1993-01,Repairs,293,2780.47
1993-01,Bunkers,1767,33804.9
1993-01,Supplies,1132,16462.3
1993-01,Others,5126,1158.03
1993-02,Cargo,3286,25186.6
1993-02,Repairs,300,2567.35
1993-02,Bunkers,1529,27641.53
1993-02,Supplies,1030,14288.14
1993-02,Others,4637,1335.42
1993-03,Cargo,3677,29227.04
1993-03,Repairs,380,3255.42
1993-03,Bunkers,1742,31493.16
1993-03,Supplies,1187,16123.04
1993-03,Others,5142,1331.92
1993-04,Cargo,3670,28739.83
1993-04,Repairs,354,4086.58
1993-04,Bunkers,1761,31173.33
1993-04,Supplies,1149,15836.58
1993-04,Others,4963,923.73
1993-05,Cargo,3790,29180.19
1993-05,Repairs,385,4239.15
1993-05,Bunkers,1758,31131.21
1993-05,Supplies,1144,16498.19
1993-05,Others,5244,1079.32
1993-06,Cargo,3672,29083.45
1993-06,Repairs,366,3988.23
1993-06,Bunkers,1811,34743.94
1993-06,Supplies,1122,15213.96
1993-06,Others,5093,1272.72
1993-07,Cargo,3763,30378.2
1993-07,Repairs,379,3457.25
1993-07,Bunkers,1862,33689.17
1993-07,Supplies,1261,17255.72
1993-07,Others,5340,1028.31
1993-08,Cargo,3768,30224.2
1993-08,Repairs,378,4296.6
1993-08,Bunkers,1820,32287.06
1993-08,Supplies,1215,16130.5
1993-08,Others,5248,909.65
1993-09,Cargo,3693,29767.99
1993-09,Repairs,384,4222.8
1993-09,Bunkers,1779,32189.98
1993-09,Supplies,1183,17339.3
1993-09,Others,5236,982.78
1993-10,Cargo,3909,31062.2
1993-10,Repairs,425,4530.37
1993-10,Bunkers,1798,30443.91
1993-10,Supplies,1184,16473.82
1993-10,Others,5492,1376.1
1993-11,Cargo,3686,30333.97
1993-11,Repairs,355,3942.4
1993-11,Bunkers,1728,31110.56
1993-11,Supplies,1143,15860.19
1993-11,Others,5384,1163.98
1993-12,Cargo,3688,30295.57
1993-12,Repairs,337,3137.57
1993-12,Bunkers,1810,34440.32
1993-12,Supplies,1105,15441.14
1993-12,Others,5738,1515.01
1994-01,Cargo,3832,31194.09
1994-01,Repairs,372,2413.51
1994-01,Bunkers,1832,33551.03
1994-01,Supplies,1192,17672.06
1994-01,Others,5682,1838.94
1994-02,Cargo,3303,28169.53
1994-02,Repairs,339,2346.01
1994-02,Bunkers,1609,29834.22
1994-02,Supplies,1079,15769.58
1994-02,Others,4998,1661.34
1994-03,Cargo,3839,31235
1994-03,Repairs,441,3571.48
1994-03,Bunkers,1918,35447.32
1994-03,Supplies,1186,16600.01
1994-03,Others,5923,2401.94
1994-04,Cargo,3905,30789.35
1994-04,Repairs,419,3868.81
1994-04,Bunkers,1880,36053.06
1994-04,Supplies,1249,17535.4
1994-04,Others,5618,1754.49
1994-05,Cargo,4007,32222.24
1994-05,Repairs,418,4200.35
1994-05,Bunkers,1907,36045.44
1994-05,Supplies,1276,16543.53
1994-05,Others,5974,2042.48
1994-06,Cargo,3967,31530.66
1994-06,Repairs,387,3577.37
1994-06,Bunkers,1758,33477.66
1994-06,Supplies,1175,16033.22
1994-06,Others,5755,1994.44
1994-07,Cargo,4112,32412.87
1994-07,Repairs,463,3639.93
1994-07,Bunkers,1834,34532.89
1994-07,Supplies,1323,16766.65
1994-07,Others,5949,1968.78
1994-08,Cargo,4097,33619.29
1994-08,Repairs,423,3220.22
1994-08,Bunkers,1814,36464.93
1994-08,Supplies,1401,19537.69
1994-08,Others,6083,1801.2
1994-09,Cargo,4142,32885.61
1994-09,Repairs,417,3260.87
1994-09,Bunkers,1943,38546.14
1994-09,Supplies,1280,18301.23
1994-09,Others,6131,1897.51
1994-10,Cargo,4184,33639.4
1994-10,Repairs,397,3255.18
1994-10,Bunkers,1877,36416.38
1994-10,Supplies,1355,19534.65
1994-10,Others,6192,2093.72
1994-11,Cargo,4038,33601.1
1994-11,Repairs,369,3044.05
1994-11,Bunkers,1704,33452.55
1994-11,Supplies,1243,16106
1994-11,Others,6182,2214.39
1994-12,Cargo,4074,33288.69
1994-12,Repairs,349,2909.59
1994-12,Bunkers,1794,33804.59
1994-12,Supplies,1340,17882.93
1994-12,Others,6335,2336.29
1995-01,Cargo,3988,33243.07
1995-01,Repairs,395,2818.59
1995-01,Bunkers,1789,36699.11
1995-01,Supplies,1408,18132.77
1995-01,Others,6348,2657.3
1995-02,Cargo,3321,30650.85
1995-02,Repairs,309,2069.94
1995-02,Bunkers,1599,32908.81
1995-02,Supplies,1270,16660.68
1995-02,Others,5467,2685.79
1995-03,Cargo,3885,32750.38
1995-03,Repairs,369,2466.06
1995-03,Bunkers,1747,36625.87
1995-03,Supplies,1336,17790.43
1995-03,Others,6063,2980.11
1995-04,Cargo,3818,33191.51
1995-04,Repairs,388,3467.71
1995-04,Bunkers,1800,38191.1
1995-04,Supplies,1320,18759.39
1995-04,Others,6142,2862.16
1995-05,Cargo,3896,34463.59
1995-05,Repairs,413,3296.89
1995-05,Bunkers,1756,37456.01
1995-05,Supplies,1344,19728.79
1995-05,Others,6158,2431.03
1995-06,Cargo,3946,33364.92
1995-06,Repairs,313,3081.69
1995-06,Bunkers,1744,35339.28
1995-06,Supplies,1300,15682.44
1995-06,Others,6058,2325.34
1995-07,Cargo,4090,34656.67
1995-07,Repairs,344,3366.29
1995-07,Bunkers,1870,37770.03
1995-07,Supplies,1279,17323.29
1995-07,Others,6005,2471.11
1995-08,Cargo,4090,35649.14
1995-08,Repairs,333,3053.91
1995-08,Bunkers,1830,37355.56
1995-08,Supplies,1366,18399.9
1995-08,Others,5862,2526.7
1995-09,Cargo,4084,34694.56
1995-09,Repairs,372,2822.37
1995-09,Bunkers,1790,36340.39
1995-09,Supplies,1293,16483.55
1995-09,Others,6170,2256.25
1995-10,Cargo,4205,35261.16
1995-10,Repairs,346,2760.35
1995-10,Bunkers,1800,36648.38
1995-10,Supplies,1270,16466.13
1995-10,Others,6604,2466.99
1995-11,Cargo,4142,35395.42
1995-11,Repairs,338,2919.95
1995-11,Bunkers,1731,36171.33
1995-11,Supplies,1265,16599.71
1995-11,Others,6568,2623.23
1995-12,Cargo,4261,35558.98
1995-12,Repairs,330,2448.77
1995-12,Bunkers,1850,40044
1995-12,Supplies,1302,20030.52
1995-12,Others,7027,2758.49
1996-01,Cargo,4361,37520.47
1996-01,Repairs,348,1839.97
1996-01,Bunkers,1817,37612.31
1996-01,Supplies,1397,19093.83
1996-01,Others,6959,2355.09
1996-02,Cargo,3735,33769.19
1996-02,Repairs,318,2886.62
1996-02,Bunkers,1702,39202.54
1996-02,Supplies,1283,17969.05
1996-02,Others,6297,2600.45
1996-03,Cargo,4502,38756.63
1996-03,Repairs,365,3694.84
1996-03,Bunkers,1852,41997.92
1996-03,Supplies,1452,20856.79
1996-03,Others,7271,3116.87
1996-04,Cargo,4374,37200.03
1996-04,Repairs,391,3142.31
1996-04,Bunkers,1689,37426.09
1996-04,Supplies,1394,19189.61
1996-04,Others,6894,2342.04
1996-05,Cargo,4613,39334.91
1996-05,Repairs,374,3420.8
1996-05,Bunkers,1797,38558.13
1996-05,Supplies,1422,19352.41
1996-05,Others,6958,2797.31
1996-06,Cargo,4521,36841.49
1996-06,Repairs,417,4115.33
1996-06,Bunkers,1792,38431.55
1996-06,Supplies,1400,18786.47
1996-06,Others,6868,2380.34
1996-07,Cargo,4752,38897.43
1996-07,Repairs,406,3769.01
1996-07,Bunkers,1800,38519.46
1996-07,Supplies,1442,18710.34
1996-07,Others,7253,2302.22
1996-08,Cargo,4726,38927.26
1996-08,Repairs,393,3610.05
1996-08,Bunkers,1719,36929.5
1996-08,Supplies,1423,19444.21
1996-08,Others,7247,2276.47
1996-09,Cargo,4548,38269.27
1996-09,Repairs,356,3165.86
1996-09,Bunkers,1636,35147.27
1996-09,Supplies,1369,18272.69
1996-09,Others,7429,2395.31
1996-10,Cargo,4670,39437.8
1996-10,Repairs,423,2997.05
1996-10,Bunkers,1741,36186.7
1996-10,Supplies,1490,19099.16
1996-10,Others,7929,2369.21
1996-11,Cargo,4645,37946.04
1996-11,Repairs,382,2126.52
1996-11,Bunkers,1670,36951.98
1996-11,Supplies,1406,19248.82
1996-11,Others,7860,2537.59
1996-12,Cargo,4692,38782.3
1996-12,Repairs,344,2796.24
1996-12,Bunkers,1692,36362.94
1996-12,Supplies,1412,18676.8
1996-12,Others,8059,2637.48
1997-01,Cargo,4867,40181
1997-01,Repairs,364,2996
1997-01,Bunkers,1808,40446
1997-01,Supplies,1508,20499
1997-01,Others,5722,16360
1997-02,Cargo,3865,34730
1997-02,Repairs,338,2090
1997-02,Bunkers,1581,35577
1997-02,Supplies,1350,17122
1997-02,Others,4836,13569
1997-03,Cargo,4854,39681
1997-03,Repairs,429,2531
1997-03,Bunkers,1676,37101
1997-03,Supplies,1480,18346
1997-03,Others,5660,16213
1997-04,Cargo,4749,39281
1997-04,Repairs,392,2813
1997-04,Bunkers,1723,39230
1997-04,Supplies,1531,20524
1997-04,Others,5427,15757
1997-05,Cargo,4997,42244
1997-05,Repairs,426,3443
1997-05,Bunkers,1753,39438
1997-05,Supplies,1637,21152
1997-05,Others,5650,16141
1997-06,Cargo,4890,40271
1997-06,Repairs,373,3425
1997-06,Bunkers,1747,37919
1997-06,Supplies,1543,21645
1997-06,Others,5679,17901
1997-07,Cargo,5177,41512
1997-07,Repairs,407,3506
1997-07,Bunkers,1800,41999
1997-07,Supplies,1648,22209
1997-07,Others,5844,17389
1997-08,Cargo,5008,40396
1997-08,Repairs,345,3115
1997-08,Bunkers,1765,39765
1997-08,Supplies,1590,21577
1997-08,Others,5908,17896
1997-09,Cargo,4917,40300
1997-09,Repairs,396,3697
1997-09,Bunkers,1782,37984
1997-09,Supplies,1567,22148
1997-09,Others,5942,17014
1997-10,Cargo,5014,41573
1997-10,Repairs,400,2751
1997-10,Bunkers,1849,41492
1997-10,Supplies,1526,22679
1997-10,Others,6033,18530
1997-11,Cargo,4690,39567
1997-11,Repairs,364,2965
1997-11,Bunkers,1765,37939
1997-11,Supplies,1395,19589
1997-11,Others,6032,17778
1997-12,Cargo,4724,40628
1997-12,Repairs,384,2560
1997-12,Bunkers,1823,42878
1997-12,Supplies,1403,22104
1997-12,Others,6614,19936
1998-01,Cargo,4478,40709
1998-01,Repairs,411,3018
1998-01,Bunkers,1932,46620
1998-01,Supplies,1435,22635
1998-01,Others,6432,18814
1998-02,Cargo,4327,37432
1998-02,Repairs,327,2382
1998-02,Bunkers,1716,40299
1998-02,Supplies,1328,20611
1998-02,Others,5805,15401
1998-03,Cargo,4863,42097
1998-03,Repairs,369,3112
1998-03,Bunkers,1742,40291
1998-03,Supplies,1382,20140
1998-03,Others,6447,18003
1998-04,Cargo,4578,39869
1998-04,Repairs,372,3246
1998-04,Bunkers,1688,39556
1998-04,Supplies,1413,20678
1998-04,Others,6195,16966
1998-05,Cargo,4763,41757
1998-05,Repairs,384,2949
1998-05,Bunkers,1760,42576
1998-05,Supplies,1378,20597
1998-05,Others,6707,17070
1998-06,Cargo,4776,41397
1998-06,Repairs,332,3296
1998-06,Bunkers,1721,40576
1998-06,Supplies,1404,18557
1998-06,Others,6765,17066
1998-07,Cargo,4943,42395
1998-07,Repairs,389,3539
1998-07,Bunkers,1874,46381
1998-07,Supplies,1309,21445
1998-07,Others,6960,17499
1998-08,Cargo,4823,42071.1
1998-08,Repairs,376,3061
1998-08,Bunkers,1779,43046
1998-08,Supplies,1221,19308
1998-08,Others,7170,16516
1998-09,Cargo,4842,40972
1998-09,Repairs,395,3936
1998-09,Bunkers,1737,42538
1998-09,Supplies,1204,21647
1998-09,Others,7116,18163
1998-10,Cargo,4891,41711
1998-10,Repairs,384,3648
1998-10,Bunkers,1727,42785
1998-10,Supplies,1211,19674
1998-10,Others,7172,17662
1998-11,Cargo,4833,42155
1998-11,Repairs,375,3067
1998-11,Bunkers,1667,40919
1998-11,Supplies,1209,21254
1998-11,Others,7263,16892
1998-12,Cargo,4876,43141
1998-12,Repairs,391,2604
1998-12,Bunkers,1765,43546
1998-12,Supplies,1285,22575
1998-12,Others,7588,18110
1999-01,Cargo,4658,43898
1999-01,Repairs,395,2853
1999-01,Bunkers,1853,46032.85
1999-01,Supplies,1430,24115
1999-01,Others,7548,19119
1999-02,Cargo,4115,37778
1999-02,Repairs,321,2503
1999-02,Bunkers,1638,38788
1999-02,Supplies,1277,19836
1999-02,Others,6505,16201
1999-03,Cargo,4874,42823
1999-03,Repairs,416,3754
1999-03,Bunkers,1802,44622
1999-03,Supplies,1413,22304
1999-03,Others,7545,19391
1999-04,Cargo,4689,43062.61
1999-04,Repairs,447,3911
1999-04,Bunkers,1721,43123
1999-04,Supplies,1420,24280
1999-04,Others,7286,19816
1999-05,Cargo,4683,42811
1999-05,Repairs,405,4923
1999-05,Bunkers,1733,44587
1999-05,Supplies,1389,25264
1999-05,Others,7250,19073
1999-06,Cargo,4619,41334
1999-06,Repairs,390,3434
1999-06,Bunkers,1742,44071
1999-06,Supplies,1295,22374
1999-06,Others,7187,19257
1999-07,Cargo,4775,42395
1999-07,Repairs,345,2885
1999-07,Bunkers,1759,43934
1999-07,Supplies,1359,22698
1999-07,Others,7648,17965
1999-08,Cargo,4650,41447.27
1999-08,Repairs,383,2391
1999-08,Bunkers,1809,44598
1999-08,Supplies,1335,21034
1999-08,Others,7520,19172
1999-09,Cargo,4564,41367
1999-09,Repairs,380,3579
1999-09,Bunkers,1799,44733.27
1999-09,Supplies,1311,22471
1999-09,Others,7122,20273
1999-10,Cargo,4636,42543
1999-10,Repairs,381,2616
1999-10,Bunkers,1831,45514.18
1999-10,Supplies,1333,21688.26
1999-10,Others,7079,18425
1999-11,Cargo,4442,41783
1999-11,Repairs,353,2353
1999-11,Bunkers,1714,41888
1999-11,Supplies,1313,23139
1999-11,Others,6889,19163
1999-12,Cargo,4496,42325
1999-12,Repairs,338,2668
1999-12,Bunkers,1689,43908
1999-12,Supplies,1370,22032
1999-12,Others,7144,18666
2000-01,Cargo,4270,41850
2000-01,Repairs,399,3045
2000-01,Bunkers,1758,46117
2000-01,Supplies,1320,23718
2000-01,Others,7085,18497
2000-02,Cargo,3888,38039
2000-02,Repairs,363,3047
2000-02,Bunkers,1620,41422
2000-02,Supplies,1227,22874
2000-02,Others,6885,20875
2000-03,Cargo,4706,42821
2000-03,Repairs,406,3176
2000-03,Bunkers,1712,43266
2000-03,Supplies,1345,22479
2000-03,Others,7823,19529
2000-04,Cargo,4519,42278
2000-04,Repairs,430,2979
2000-04,Bunkers,1754,47044
2000-04,Supplies,1326,23448
2000-04,Others,7495,18814
2000-05,Cargo,4630,44487
2000-05,Repairs,384,2946
2000-05,Bunkers,1919,49312
2000-05,Supplies,1380,25003
2000-05,Others,7786,21308
2000-06,Cargo,4721,43307
2000-06,Repairs,395,3140
2000-06,Bunkers,1765,44653
2000-06,Supplies,1283,22403
2000-06,Others,8077,20896
2000-07,Cargo,4783,43770
2000-07,Repairs,352,3472
2000-07,Bunkers,1842,48067
2000-07,Supplies,1325,25386
2000-07,Others,7992,23814
2000-08,Cargo,4629,42999
2000-08,Repairs,423,2911
2000-08,Bunkers,1788,46609
2000-08,Supplies,1310,22904
2000-08,Others,7982,22816
2000-09,Cargo,4551,43050
2000-09,Repairs,383,3003
2000-09,Bunkers,1780,45690
2000-09,Supplies,1294,24017
2000-09,Others,7534,22895
2000-10,Cargo,4674,44224
2000-10,Repairs,386,3315
2000-10,Bunkers,1820,48299
2000-10,Supplies,1343,26085
2000-10,Others,7944,24359
2000-11,Cargo,4630,41817
2000-11,Repairs,328,2742
2000-11,Bunkers,1707,42916
2000-11,Supplies,1260,21551
2000-11,Others,7612,21735
2000-12,Cargo,4465,42718
2000-12,Repairs,347,2245
2000-12,Bunkers,1768,46087
2000-12,Supplies,1261,22597
2000-12,Others,8017,21692
2001-01,Cargo,4229,41068
2001-01,Repairs,417,2668
2001-01,Bunkers,1770,47105
2001-01,Supplies,1225,23108
2001-01,Others,7755,20099
2001-02,Cargo,4132,38205
2001-02,Repairs,482,2569
2001-02,Bunkers,1587,40236
2001-02,Supplies,1110,19252
2001-02,Others,7160,18354
2001-03,Cargo,4691,43034
2001-03,Repairs,495,2878
2001-03,Bunkers,1810,47712
2001-03,Supplies,1362,23599
2001-03,Others,8024,21676
2001-04,Cargo,4473,42473
2001-04,Repairs,495,3769
2001-04,Bunkers,1750,47648
2001-04,Supplies,1239,23927
2001-04,Others,7541,22966
2001-05,Cargo,4671,43473
2001-05,Repairs,609,3897
2001-05,Bunkers,1772,46511
2001-05,Supplies,1214,23169
2001-05,Others,8082,22536
2001-06,Cargo,4519,43476
2001-06,Repairs,594,3429
2001-06,Bunkers,1741,46964
2001-06,Supplies,1202,23486
2001-06,Others,7813,22524
2001-07,Cargo,4827,45159
2001-07,Repairs,643,4106
2001-07,Bunkers,1867,48560
2001-07,Supplies,1366,23385
2001-07,Others,8220,22601
2001-08,Cargo,4739,45578
2001-08,Repairs,603,3646
2001-08,Bunkers,1875,50512
2001-08,Supplies,1364,25433
2001-08,Others,8064,21668
2001-09,Cargo,4547,43819
2001-09,Repairs,602,3393
2001-09,Bunkers,1846,49024
2001-09,Supplies,1311,23162
2001-09,Others,7541,23142
2001-10,Cargo,4753,45310
2001-10,Repairs,644,3762
2001-10,Bunkers,1947,54371
2001-10,Supplies,1322,25770
2001-10,Others,7822,24357
2001-11,Cargo,4477,43519
2001-11,Repairs,622,3567
2001-11,Bunkers,1862,49356
2001-11,Supplies,1320,24218
2001-11,Others,7444,23980
2001-12,Cargo,4352,45651
2001-12,Repairs,554,3473
2001-12,Bunkers,1822,50516
2001-12,Supplies,1367,25010
2001-12,Others,7478,22142
2002-01,Cargo,4513,44203.29
2002-01,Repairs,615,3002.29
2002-01,Bunkers,1765,47451.28
2002-01,Supplies,1312,25413.16
2002-01,Others,7527,21332.54
2002-02,Cargo,3863,39492.94
2002-02,Repairs,498,3077.73
2002-02,Bunkers,1614,43078.2
2002-02,Supplies,1173,21471.19
2002-02,Others,6594,19414.1
2002-03,Cargo,4592,45092.14
2002-03,Repairs,757,3234.44
2002-03,Bunkers,1792,48948.49
2002-03,Supplies,1467,26045.82
2002-03,Others,7538,22663.81
2002-04,Cargo,4420,44134.96
2002-04,Repairs,718,3616.56
2002-04,Bunkers,1789,50786.47
2002-04,Supplies,1382,27269.4
2002-04,Others,7251,22696.12
2002-05,Cargo,4521,45774.67
2002-05,Repairs,693,3557.92
2002-05,Bunkers,1811,50176.8
2002-05,Supplies,1394,24737.91
2002-05,Others,7530,20861.97
2002-06,Cargo,4444,45480.64
2002-06,Repairs,672,3494.58
2002-06,Bunkers,1734,48027.83
2002-06,Supplies,1361,26035.19
2002-06,Others,7188,20029.87
2002-07,Cargo,4556,46163.22
2002-07,Repairs,655,2932.77
2002-07,Bunkers,1769,51026.24
2002-07,Supplies,1392,26001.4
2002-07,Others,7942,21440.44
2002-08,Cargo,4477,46141.47
2002-08,Repairs,625,3480.55
2002-08,Bunkers,1731,49400.1
2002-08,Supplies,1365,26370.67
2002-08,Others,7633,20094.94
2002-09,Cargo,4264,43188.74
2002-09,Repairs,755,3021.61
2002-09,Bunkers,1698,47751.14
2002-09,Supplies,1393,24097.98
2002-09,Others,7430,18262.18
2002-10,Cargo,4523,44631.57
2002-10,Repairs,682,3136.53
2002-10,Bunkers,1822,52333.02
2002-10,Supplies,1435,26658.52
2002-10,Others,7746,20651.98
2002-11,Cargo,4256,43076.42
2002-11,Repairs,673,2923.07
2002-11,Bunkers,1866,53719.77
2002-11,Supplies,1312,23774.36
2002-11,Others,7462,18868.07
2002-12,Cargo,4195,45262.86
2002-12,Repairs,618,3215.06
2002-12,Bunkers,1823,52835.94
2002-12,Supplies,1399,25435.1
2002-12,Others,7564,19895.43
2003-01,Cargo,4264,44498.1
2003-01,Repairs,684,3501.9
2003-01,Bunkers,1866,55929.17
2003-01,Supplies,1338,27258.93
2003-01,Others,7629,19835.56
2003-02,Cargo,3549,39679.4
2003-02,Repairs,559,3011.45
2003-02,Bunkers,1665,48760.51
2003-02,Supplies,1205,23652.43
2003-02,Others,6684,18455.4
2003-03,Cargo,4353,44876.99
2003-03,Repairs,753,4406.29
2003-03,Bunkers,1839,55780.99
2003-03,Supplies,1378,25470.71
2003-03,Others,7433,20524.28
2003-04,Cargo,4406,43929.98
2003-04,Repairs,741,3668.89
2003-04,Bunkers,1828,54577.85
2003-04,Supplies,1336,26244.49
2003-04,Others,6636,17416.07
2003-05,Cargo,4509,46978.5
2003-05,Repairs,708,3010.86
2003-05,Bunkers,1785,50061.05
2003-05,Supplies,1401,25400.75
2003-05,Others,6282,14998.72
2003-06,Cargo,4332,45869.91
2003-06,Repairs,724,3475.27
2003-06,Bunkers,1867,53280.08
2003-06,Supplies,1368,24364.33
2003-06,Others,6333,18612.33
2003-07,Cargo,4493,46796.84
2003-07,Repairs,667,4339.67
2003-07,Bunkers,1811,50924.87
2003-07,Supplies,1390,26033.93
2003-07,Others,6784,20673.38
2003-08,Cargo,4412,47238.24
2003-08,Repairs,625,4207.47
2003-08,Bunkers,1866,55755.65
2003-08,Supplies,1329,27263.35
2003-08,Others,6759,21176.36
2003-09,Cargo,4304,46224.66
2003-09,Repairs,600,2800.92
2003-09,Bunkers,1799,50592.86
2003-09,Supplies,1303,24155.06
2003-09,Others,6564,16747.45
2003-10,Cargo,4496,46664.63
2003-10,Repairs,630,4038.83
2003-10,Bunkers,1801,49995
2003-10,Supplies,1308,24422.24
2003-10,Others,6931,18956.54
2003-11,Cargo,4478,46726.57
2003-11,Repairs,615,3324.56
2003-11,Bunkers,1794,50725.58
2003-11,Supplies,1295,25368.07
2003-11,Others,6781,18832.05
2003-12,Cargo,4586,48033.54
2003-12,Repairs,618,3048.11
2003-12,Bunkers,1773,51502.26
2003-12,Supplies,1255,23739.38
2003-12,Others,7085,19003.8
2004-01,Cargo,4367,48201.84
2004-01,Repairs,530,2602.38
2004-01,Bunkers,1894,53364.59
2004-01,Supplies,1290,22234.66
2004-01,Others,6791,18571.81
2004-02,Cargo,4319,45759.62
2004-02,Repairs,546,3069.17
2004-02,Bunkers,1692,48433.08
2004-02,Supplies,1258,22406.98
2004-02,Others,6323,17473.85
2004-03,Cargo,4810,51534.78
2004-03,Repairs,615,3546.04
2004-03,Bunkers,1908,54615.46
2004-03,Supplies,1440,24983.58
2004-03,Others,6818,21092.49
2004-04,Cargo,4605,48978.67
2004-04,Repairs,574,2861.13
2004-04,Bunkers,1814,52969.11
2004-04,Supplies,1333,25244.5
2004-04,Others,5708,19019.8
2004-05,Cargo,4614,50262.24
2004-05,Repairs,572,3300.69
2004-05,Bunkers,1855,54565.02
2004-05,Supplies,1362,24568.55
2004-05,Others,6068,19125.23
2004-06,Cargo,4532,49987.52
2004-06,Repairs,594,4458.1
2004-06,Bunkers,1854,53856.9
2004-06,Supplies,1370,26531.71
2004-06,Others,6085,19479.76
2004-07,Cargo,4688,50818.19
2004-07,Repairs,577,3804.02
2004-07,Bunkers,1930,55826.41
2004-07,Supplies,1335,25817.78
2004-07,Others,6350,17984.23
2004-08,Cargo,4576,50070.15
2004-08,Repairs,545,2996.87
2004-08,Bunkers,1938,56220.79
2004-08,Supplies,1299,25547.78
2004-08,Others,6229,19142.99
2004-09,Cargo,4696,50456.85
2004-09,Repairs,509,2943.94
2004-09,Bunkers,1933,55788.1
2004-09,Supplies,1300,26583.05
2004-09,Others,6081,21345.46
2004-10,Cargo,4667,50720.3
2004-10,Repairs,564,3639.09
2004-10,Bunkers,2009,57857.87
2004-10,Supplies,1280,26694.03
2004-10,Others,6060,20439.46
2004-11,Cargo,4324,50023.8
2004-11,Repairs,522,2528.68
2004-11,Bunkers,1972,58631.71
2004-11,Supplies,1252,26013.83
2004-11,Others,6311,18887.43
2004-12,Cargo,4715,53010.97
2004-12,Repairs,539,3252.3
2004-12,Bunkers,2005,57951.65
2004-12,Supplies,1289,26260.62
2004-12,Others,6850,20589.44
2005-01,Cargo,4604,53342.81
2005-01,Repairs,528,2185.37
2005-01,Bunkers,2087,62500.02
2005-01,Supplies,1234,24239.12
2005-01,Others,6783,20438.73
2005-02,Cargo,3981,46949.16
2005-02,Repairs,462,2544.82
2005-02,Bunkers,1771,51014.6
2005-02,Supplies,1148,21893.41
2005-02,Others,5801,16669.35
2005-03,Cargo,4725,54847.96
2005-03,Repairs,572,3736.01
2005-03,Bunkers,2027,60405.2
2005-03,Supplies,1301,26306.19
2005-03,Others,6415,21395.97
2005-04,Cargo,4580,52182.89
2005-04,Repairs,517,3015.58
2005-04,Bunkers,2062,59606.99
2005-04,Supplies,1284,25535.75
2005-04,Others,6053,19996.52
2005-05,Cargo,4677,55118.65
2005-05,Repairs,548,3496.39
2005-05,Bunkers,2061,60784.24
2005-05,Supplies,1332,26799.09
2005-05,Others,6182,21344.31
2005-06,Cargo,4543,53931.88
2005-06,Repairs,528,3615.82
2005-06,Bunkers,2031,60267.18
2005-06,Supplies,1360,28703.52
2005-06,Others,5835,22176.85
2005-07,Cargo,4551,53501.87
2005-07,Repairs,496,3161.43
2005-07,Bunkers,2091,63151.49
2005-07,Supplies,1369,28275.75
2005-07,Others,5930,22366.9
2005-08,Cargo,4566,55178.19
2005-08,Repairs,497,3661.14
2005-08,Bunkers,2155,67564.88
2005-08,Supplies,1374,29287.93
2005-08,Others,5917,23251.21
2005-09,Cargo,4487,52894.6
2005-09,Repairs,459,2801.07
2005-09,Bunkers,2025,62186.21
2005-09,Supplies,1244,26424.47
2005-09,Others,5722,23737.64
2005-10,Cargo,4597,55375.82
2005-10,Repairs,495,3603.96
2005-10,Bunkers,2146,66188.09
2005-10,Supplies,1407,30937.73
2005-10,Others,5898,24204.57
2005-11,Cargo,4285,53392.18
2005-11,Repairs,519,3224.18
2005-11,Bunkers,2089,62503.55
2005-11,Supplies,1432,29876.5
2005-11,Others,5571,24462.78
2005-12,Cargo,4629,56654.56
2005-12,Repairs,503,2801.39
2005-12,Bunkers,2107,63315.61
2005-12,Supplies,1464,30947.21
2005-12,Others,5751,23743.17
2006-01,Cargo,4327,56324.78
2006-01,Repairs,455,2071.86
2006-01,Bunkers,2236,70103.96
2006-01,Supplies,1367,30560.23
2006-01,Others,5663,22569.47
2006-02,Cargo,4094,52036.59
2006-02,Repairs,478,2373.64
2006-02,Bunkers,1995,62769.25
2006-02,Supplies,1310,28862.04
2006-02,Others,5275,21919.05
2006-03,Cargo,4711,56885.85
2006-03,Repairs,571,3051.45
2006-03,Bunkers,2320,73645.82
2006-03,Supplies,1525,33369.5
2006-03,Others,6078,25494.7
2006-04,Cargo,4347,54801.72
2006-04,Repairs,517,3415.71
2006-04,Bunkers,2175,70574.38
2006-04,Supplies,1454,33199.92
2006-04,Others,5738,24223.31
2006-05,Cargo,4569,58609.11
2006-05,Repairs,516,3580.83
2006-05,Bunkers,2321,75624.02
2006-05,Supplies,1536,34434.97
2006-05,Others,5833,23998.5
2006-06,Cargo,4467,57451.37
2006-06,Repairs,555,3152.2
2006-06,Bunkers,2246,72269.08
2006-06,Supplies,1527,34443.28
2006-06,Others,5829,25024.65
2006-07,Cargo,4586,59477.2
2006-07,Repairs,541,3043.93
2006-07,Bunkers,2218,69366.67
2006-07,Supplies,1501,32540.33
2006-07,Others,5952,23946.46
2006-08,Cargo,4711,59964.31
2006-08,Repairs,587,4469.15
2006-08,Bunkers,2324,76599.4
2006-08,Supplies,1532,34350.11
2006-08,Others,5754,26016.85
2006-09,Cargo,4738,59069.17
2006-09,Repairs,593,3159.19
2006-09,Bunkers,2297,74234.05
2006-09,Supplies,1610,36739.81
2006-09,Others,5756,27203.97
2006-10,Cargo,4533,59502.53
2006-10,Repairs,525,2875.06
2006-10,Bunkers,2362,73040.24
2006-10,Supplies,1553,34467.85
2006-10,Others,5641,25620.72
2006-11,Cargo,4640,58480.01
2006-11,Repairs,471,2907.97
2006-11,Bunkers,2247,70249.23
2006-11,Supplies,1602,36287.59
2006-11,Others,5503,27398.87
2006-12,Cargo,4591,60498.92
2006-12,Repairs,495,3049.81
2006-12,Bunkers,2362,77996.34
2006-12,Supplies,1561,33114.13
2006-12,Others,5799,26040.8
2007-01,Cargo,4601,60705.84
2007-01,Repairs,478,1959.13
2007-01,Bunkers,2484,80517.49
2007-01,Supplies,1562,34044.27
2007-01,Others,5575,25403.92
2007-02,Cargo,4033,56149.87
2007-02,Repairs,523,2216.03
2007-02,Bunkers,2224,72255.7
2007-02,Supplies,1384,29617.64
2007-02,Others,4954,23361.81
2007-03,Cargo,4508,64995.03
2007-03,Repairs,555,3680.08
2007-03,Bunkers,2494,83828.2
2007-03,Supplies,1539,35865.44
2007-03,Others,5474,29150.93
2007-04,Cargo,4316,62956.4
2007-04,Repairs,407,2421.97
2007-04,Bunkers,2477,79579.63
2007-04,Supplies,1549,34602.5
2007-04,Others,5228,26514.67
2007-05,Cargo,4534,64265.94
2007-05,Repairs,449,3256.57
2007-05,Bunkers,2494,79980.85
2007-05,Supplies,1515,34955.96
2007-05,Others,5504,28527.49
2007-06,Cargo,4557,64389.65
2007-06,Repairs,445,2769.28
2007-06,Bunkers,2486,83726.58
2007-06,Supplies,1505,36429.93
2007-06,Others,5455,29962.82
2007-07,Cargo,4720,65425.93
2007-07,Repairs,498,2805.23
2007-07,Bunkers,2532,85291.99
2007-07,Supplies,1568,37954.32
2007-07,Others,5689,31010.86
2007-08,Cargo,4768,65211.17
2007-08,Repairs,545,2553.78
2007-08,Bunkers,2521,85496.03
2007-08,Supplies,1532,37001.52
2007-08,Others,5887,32087
2007-09,Cargo,4712,64943.77
2007-09,Repairs,567,3319.45
2007-09,Bunkers,2491,87588
2007-09,Supplies,1621,38599.58
2007-09,Others,5781,31515.73
2007-10,Cargo,4797,68860.15
2007-10,Repairs,535,2613.76
2007-10,Bunkers,2528,86960.82
2007-10,Supplies,1644,40067.4
2007-10,Others,5762,34297.47
2007-11,Cargo,4626,65297
2007-11,Repairs,506,2892.27
2007-11,Bunkers,2406,81249.41
2007-11,Supplies,1601,40245.64
2007-11,Others,5691,34869.33
2007-12,Cargo,4672,68058
2007-12,Repairs,487,2429.57
2007-12,Bunkers,2592,84886.37
2007-12,Supplies,1716,40817.14
2007-12,Others,5704,34713.24
2008-01,Cargo,4823,69455.83
2008-01,Repairs,548,2443.42
2008-01,Bunkers,2671,91423.66
2008-01,Supplies,1672,41863.45
2008-01,Others,5703,36845.04
2008-02,Cargo,4209,62237.79
2008-02,Repairs,505,2032.61
2008-02,Bunkers,2449,84853.35
2008-02,Supplies,1625,40181.91
2008-02,Others,5209,35069.91
2008-03,Cargo,4756,72420.66
2008-03,Repairs,549,4192.06
2008-03,Bunkers,2742,95116.09
2008-03,Supplies,1680,43594.91
2008-03,Others,5861,41794.76
2008-04,Cargo,4780,70479.51
2008-04,Repairs,524,3235.84
2008-04,Bunkers,2765,98061.64
2008-04,Supplies,1749,45296.67
2008-04,Others,5773,42052.75
2008-05,Cargo,4909,73900.34
2008-05,Repairs,557,4623.88
2008-05,Bunkers,2754,93897.58
2008-05,Supplies,1745,42988.23
2008-05,Others,6149,43875.43
2008-06,Cargo,4801,71120.36
2008-06,Repairs,490,3965.83
2008-06,Bunkers,2482,85480.82
2008-06,Supplies,1681,41766.82
2008-06,Others,5716,42203.77
2008-07,Cargo,5078,73393.41
2008-07,Repairs,596,3482.21
2008-07,Bunkers,2677,90485.95
2008-07,Supplies,1740,42280.74
2008-07,Others,5959,42051.82
2008-08,Cargo,4845,71807.05
2008-08,Repairs,593,3385.03
2008-08,Bunkers,2770,99034.07
2008-08,Supplies,1749,44398.01
2008-08,Others,5798,45295.03
2008-09,Cargo,4660,69358.97
2008-09,Repairs,585,4127.3
2008-09,Bunkers,2546,89233.69
2008-09,Supplies,1626,40985
2008-09,Others,5597,43375.38
2008-10,Cargo,4687,72186.58
2008-10,Repairs,570,4034.6
2008-10,Bunkers,2677,90832.01
2008-10,Supplies,1613,41389.72
2008-10,Others,5789,44928.7
2008-11,Cargo,4583,72550.75
2008-11,Repairs,523,4367.32
2008-11,Bunkers,2626,91768.05
2008-11,Supplies,1649,43191.63
2008-11,Others,5580,43688.25
2008-12,Cargo,4598,70618.97
2008-12,Repairs,548,3369.33
2008-12,Bunkers,2733,94209.66
2008-12,Supplies,1670,43002.06
2008-12,Others,5710,44704.12
2009-01,Cargo,4357,70772.44
2009-01,Repairs,531,3112.34
2009-01,Bunkers,2690,95874.5
2009-01,Supplies,1642,45519.54
2009-01,Others,5579,46288.67
2009-02,Cargo,4055,61538.35
2009-02,Repairs,502,3108.25
2009-02,Bunkers,2503,90336.54
2009-02,Supplies,1556,40343.78
2009-02,Others,5110,39425.07
2009-03,Cargo,4594,72395.5
2009-03,Repairs,571,3639.74
2009-03,Bunkers,2891,104717.05
2009-03,Supplies,1771,46694.99
2009-03,Others,5649,45663.51
2009-04,Cargo,4343,68674.39
2009-04,Repairs,560,2965.11
2009-04,Bunkers,2750,99776.28
2009-04,Supplies,1702,45254.54
2009-04,Others,5425,44236.22
2009-05,Cargo,4576,72410.24
2009-05,Repairs,603,3659.39
2009-05,Bunkers,2891,109893.16
2009-05,Supplies,1807,50067.17
2009-05,Others,5605,47900.29
2009-06,Cargo,4534,71127.2
2009-06,Repairs,625,3306.75
2009-06,Bunkers,2622,97184.95
2009-06,Supplies,1765,47021.67
2009-06,Others,5565,44116.45
2009-07,Cargo,4746,73270.19
2009-07,Repairs,668,3765.25
2009-07,Bunkers,2765,103404.41
2009-07,Supplies,1791,47884.34
2009-07,Others,5946,47502.35
2009-08,Cargo,4570,73430.13
2009-08,Repairs,675,3410.1
2009-08,Bunkers,2758,103198.43
2009-08,Supplies,1713,49063.2
2009-08,Others,5794,46935.05
2009-09,Cargo,4349,70427.45
2009-09,Repairs,649,2941.38
2009-09,Bunkers,2749,107241.78
2009-09,Supplies,1699,48396.64
2009-09,Others,5612,46164.14
2009-10,Cargo,4562,72903.96
2009-10,Repairs,655,3056.32
2009-10,Bunkers,2835,107613.86
2009-10,Supplies,1809,49054.21
2009-10,Others,5703,47711.53
2009-11,Cargo,4226,71507.04
2009-11,Repairs,556,2395.35
2009-11,Bunkers,2574,99612.55
2009-11,Supplies,1696,48031
2009-11,Others,5442,47050.13
2009-12,Cargo,4464,72602.24
2009-12,Repairs,605,2465.22
2009-12,Bunkers,2732,104834.1
2009-12,Supplies,1743,50290.26
2009-12,Others,5676,50066.41
2010-01,Cargo,4436,72602.15
2010-01,Repairs,650,2895.91
2010-01,Bunkers,2900,108121.35
2010-01,Supplies,1835,48239.69
2010-01,Others,5581,47737.35
2010-02,Cargo,3929,66964.16
2010-02,Repairs,668,2923.79
2010-02,Bunkers,2700,103959.66
2010-02,Supplies,1708,49082.65
2010-02,Others,5085,47745.39
2010-03,Cargo,4496,72573.38
2010-03,Repairs,815,2699.73
2010-03,Bunkers,2962,113090.83
2010-03,Supplies,1901,53144.67
2010-03,Others,5661,54346
2010-04,Cargo,4360,73209.46
2010-04,Repairs,759,2850.21
2010-04,Bunkers,2900,109984.48
2010-04,Supplies,1794,49965.3
2010-04,Others,5232,48804.4
2010-05,Cargo,4421,75692.37
2010-05,Repairs,735,3251.1
2010-05,Bunkers,2991,114187.21
2010-05,Supplies,1815,51173.03
2010-05,Others,5331,49525.6
2010-06,Cargo,4408,75911.45
2010-06,Repairs,686,3271.23
2010-06,Bunkers,3032,116858.24
2010-06,Supplies,1765,50285.56
2010-06,Others,5241,48650.94
2010-07,Cargo,4520,78786.27
2010-07,Repairs,753,2664.92
2010-07,Bunkers,3038,118045.08
2010-07,Supplies,1882,52566.21
2010-07,Others,5421,51384.62
2010-08,Cargo,4484,80409.58
2010-08,Repairs,754,2467.68
2010-08,Bunkers,2950,112806.64
2010-08,Supplies,1779,50747.57
2010-08,Others,5369,48553.28
2010-09,Cargo,4263,76370.22
2010-09,Repairs,681,3477.88
2010-09,Bunkers,2962,115572.23
2010-09,Supplies,1688,49819.25
2010-09,Others,5156,50461.79
2010-10,Cargo,4413,79312.47
2010-10,Repairs,685,2785.83
2010-10,Bunkers,3051,123294.91
2010-10,Supplies,1781,53027.17
2010-10,Others,5337,55309.84
2010-11,Cargo,4307,76713.85
2010-11,Repairs,731,2806.93
2010-11,Bunkers,2980,118971.02
2010-11,Supplies,1815,54007.68
2010-11,Others,5183,56219.44
2010-12,Cargo,4511,79712.16
2010-12,Repairs,714,2498.1
2010-12,Bunkers,3106,121242.87
2010-12,Supplies,1866,56200
2010-12,Others,5548,55073.15
2011-01,Cargo,4461,80142.42
2011-01,Repairs,719,2015.67
2011-01,Bunkers,3228,128614.52
2011-01,Supplies,1880,57736.32
2011-01,Others,5523,58328.41
2011-02,Cargo,3764,71331.21
2011-02,Repairs,643,2965.96
2011-02,Bunkers,2798,116868.15
2011-02,Supplies,1703,52952.02
2011-02,Others,4853,53407.66
2011-03,Cargo,4438,80646.73
2011-03,Repairs,716,3177.6
2011-03,Bunkers,3216,133250.05
2011-03,Supplies,1963,62485.04
2011-03,Others,5676,62283.42
2011-04,Cargo,4236,80543.12
2011-04,Repairs,607,2991.33
2011-04,Bunkers,3085,123274.8
2011-04,Supplies,1839,54626.39
2011-04,Others,5332,54728.91
2011-05,Cargo,4318,81633.64
2011-05,Repairs,649,2932.3
2011-05,Bunkers,3237,129262.34
2011-05,Supplies,1979,59520.71
2011-05,Others,5418,59101.24
2011-06,Cargo,4255,80225.21
2011-06,Repairs,633,3414.03
2011-06,Bunkers,3059,121748.37
2011-06,Supplies,1813,57175.11
2011-06,Others,5313,56661.44
2011-07,Cargo,4537,83694.21
2011-07,Repairs,700,3645.75
2011-07,Bunkers,3125,126575.3
2011-07,Supplies,1903,60213.81
2011-07,Others,5749,60201.35
2011-08,Cargo,4426,84555.25
2011-08,Repairs,726,3107.8
2011-08,Bunkers,3230,134135.46
2011-08,Supplies,1904,62489.8
2011-08,Others,5511,60193.31
2011-09,Cargo,4240,81407.59
2011-09,Repairs,686,3299.16
2011-09,Bunkers,3086,127518.68
2011-09,Supplies,1801,58153.13
2011-09,Others,5427,58958.03
2011-10,Cargo,4397,84472.56
2011-10,Repairs,692,2903.34
2011-10,Bunkers,3315,137744.31
2011-10,Supplies,2008,64747.47
2011-10,Others,5728,65296.53
2011-11,Cargo,4165,80949.62
2011-11,Repairs,742,3130.74
2011-11,Bunkers,3118,128708.85
2011-11,Supplies,1903,62311.74
2011-11,Others,5569,65152.32
2011-12,Cargo,4278,80721.33
2011-12,Repairs,722,3683.14
2011-12,Bunkers,3256,137290.18
2011-12,Supplies,1989,66828.78
2011-12,Others,5819,65959.15
2012-01,Cargo,4106,81510.95
2012-01,Repairs,697,2799.83
2012-01,Bunkers,3315,142623.86
2012-01,Supplies,1971,67896.64
2012-01,Others,5571,64175.07
2012-02,Cargo,4019,73847.46
2012-02,Repairs,560,2403.64
2012-02,Bunkers,2980,124169.71
2012-02,Supplies,1884,62001.92
2012-02,Others,5405,61720.66
2012-03,Cargo,4317,82350.96
2012-03,Repairs,560,3217.29
2012-03,Bunkers,3199,138156.98
2012-03,Supplies,2086,72388.1
2012-03,Others,6031,75457.08
2012-04,Cargo,4144,80614.21
2012-04,Repairs,572,2417.65
2012-04,Bunkers,3177,137695.14
2012-04,Supplies,1982,67632.4
2012-04,Others,5756,66958.45
2012-05,Cargo,4343,85618.13
2012-05,Repairs,572,3003.42
2012-05,Bunkers,3353,146639.28
2012-05,Supplies,2149,71363.59
2012-05,Others,5999,70729.22
2012-06,Cargo,4275,85660.56
2012-06,Repairs,529,3623.46
2012-06,Bunkers,3122,139370.16
2012-06,Supplies,1924,65211.06
2012-06,Others,5655,63526.89
2012-07,Cargo,4352,86984.42
2012-07,Repairs,508,2928.1
2012-07,Bunkers,3151,136284.73
2012-07,Supplies,2010,66755.13
2012-07,Others,5884,68904.01
2012-08,Cargo,4231,88789.57
2012-08,Repairs,538,3001.47
2012-08,Bunkers,3111,134919.59
2012-08,Supplies,1984,68537.51
2012-08,Others,5839,68918.13
2012-09,Cargo,4274,86350.14
2012-09,Repairs,568,3366.92
2012-09,Bunkers,3072,131641.4
2012-09,Supplies,2003,69077.86
2012-09,Others,5763,64939.31
2012-10,Cargo,4210,86795.41
2012-10,Repairs,539,2019.18
2012-10,Bunkers,3217,139474.06
2012-10,Supplies,2097,71574.65
2012-10,Others,5871,67941.08
2012-11,Cargo,4147,85548.47
2012-11,Repairs,534,3859.85
2012-11,Bunkers,3234,137890.43
2012-11,Supplies,2043,71426.89
2012-11,Others,5855,68556.4
2012-12,Cargo,4144,85223.91
2012-12,Repairs,480,2244.78
2012-12,Bunkers,3151,134966.82
2012-12,Supplies,2033,70082.82
2012-12,Others,6256,68872.41
2013-01,Cargo,4166,85901.8
2013-01,Repairs,583,1925.82
2013-01,Bunkers,3317,143233.86
2013-01,Supplies,2118,72458.17
2013-01,Others,6486,70166.61
2013-02,Cargo,3767,77376.47
2013-02,Repairs,542,1984.57
2013-02,Bunkers,2898,128798.26
2013-02,Supplies,1945,70874.34
2013-02,Others,5887,69507.71
2013-03,Cargo,4237,84420.32
2013-03,Repairs,634,2679.16
2013-03,Bunkers,3116,134847.52
2013-03,Supplies,2069,73972.29
2013-03,Others,6536,75785.81
2013-04,Cargo,4211,85463.9
2013-04,Repairs,610,3626.44
2013-04,Bunkers,3236,139943.46
2013-04,Supplies,2129,73169.38
2013-04,Others,6233,72743.59
2013-05,Cargo,4262,89597.51
2013-05,Repairs,598,3065.06
2013-05,Bunkers,3282,142203.7
2013-05,Supplies,2269,78301.51
2013-05,Others,6611,77731.52
2013-06,Cargo,4142,87856.39
2013-06,Repairs,592,2921.59
2013-06,Bunkers,3227,137732.61
2013-06,Supplies,2169,74824.63
2013-06,Others,6532,72128.22
2013-07,Cargo,4432,93567.86
2013-07,Repairs,563,3283.38
2013-07,Bunkers,3412,151297.58
2013-07,Supplies,2311,86508.91
2013-07,Others,6763,83646.05
2013-08,Cargo,4183,92525.24
2013-08,Repairs,551,2275.94
2013-08,Bunkers,3275,144397.41
2013-08,Supplies,2313,83048.27
2013-08,Others,6879,78154.26
2013-09,Cargo,4253,91088.97
2013-09,Repairs,547,3519.2
2013-09,Bunkers,3273,145591.02
2013-09,Supplies,2263,80498.94
2013-09,Others,6684,77373.8
2013-10,Cargo,4302,90112.75
2013-10,Repairs,533,3540.5
2013-10,Bunkers,3238,141813.39
2013-10,Supplies,2296,81356.43
2013-10,Others,6774,80209.82
2013-11,Cargo,4117,89203.09
2013-11,Repairs,551,2978.96
2013-11,Bunkers,3147,139954.67
2013-11,Supplies,2197,77771.89
2013-11,Others,6747,82086.93
2013-12,Cargo,4216,91056.18
2013-12,Repairs,577,2275.83
2013-12,Bunkers,3193,142923.87
2013-12,Supplies,2255,80943.8
2013-12,Others,6772,80582.41
2014-01,Cargo,4092,91358.89
2014-01,Repairs,636,2457.99
2014-01,Bunkers,3443,158573.14
2014-01,Supplies,2518,90449.02
2014-01,Others,6675,83043.11
2014-02,Cargo,3731,80302
2014-02,Repairs,538,2387.48
2014-02,Bunkers,2891,129866.58
2014-02,Supplies,2163,75496.64
2014-02,Others,6151,76596.78
2014-03,Cargo,4321,94084.08
2014-03,Repairs,677,4151
2014-03,Bunkers,3275,145000.61
2014-03,Supplies,2306,84928.58
2014-03,Others,6821,86098.66
2014-04,Cargo,4199,91754.02
2014-04,Repairs,707,4404.2
2014-04,Bunkers,3151,135955.4
2014-04,Supplies,2171,78572.02
2014-04,Others,6458,79448.97
2014-05,Cargo,4288,95358.04
2014-05,Repairs,774,4644.4
2014-05,Bunkers,3300,143658.6
2014-05,Supplies,2373,86591.97
2014-05,Others,6620,84561.06
2014-06,Cargo,4174,91606.83
2014-06,Repairs,624,3646.08
2014-06,Bunkers,3074,131433.91
2014-06,Supplies,2188,75562.62
2014-06,Others,6362,79337.11
2014-07,Cargo,4206,95500.25
2014-07,Repairs,494,3401.57
2014-07,Bunkers,3278,146178.95
2014-07,Supplies,2215,79718.89
2014-07,Others,6394,91475.87
2014-08,Cargo,4254,95573.49
2014-08,Repairs,420,3667.9
2014-08,Bunkers,3236,142684.11
2014-08,Supplies,2148,76312.43
2014-08,Others,6456,96959.37
2014-09,Cargo,4136,92333.58
2014-09,Repairs,335,3012.3
2014-09,Bunkers,3178,141979.02
2014-09,Supplies,2265,81528.68
2014-09,Others,6197,99703.16
2014-10,Cargo,4220,92459.81
2014-10,Repairs,372,2946.15
2014-10,Bunkers,3252,137705.89
2014-10,Supplies,2352,77053.67
2014-10,Others,6516,96426.26
2014-11,Cargo,4069,89255.99
2014-11,Repairs,363,3417.62
2014-11,Bunkers,3119,144126.5
2014-11,Supplies,2282,85195.64
2014-11,Others,6335,106478.97
2014-12,Cargo,4200,91694.83
2014-12,Repairs,395,2110.78
2014-12,Bunkers,3102,133962.01
2014-12,Supplies,2359,82162.89
2014-12,Others,6472,96282.25
2015-01,Cargo,4314,94972.29
2015-01,Repairs,355,2509.31
2015-01,Bunkers,3388,148370.39
2015-01,Supplies,2410,84562.68
2015-01,Others,6438,102379.27
2015-02,Cargo,3758,86583.52
2015-02,Repairs,371,2654.9
2015-02,Bunkers,3005,134168.33
2015-02,Supplies,2264,79877.14
2015-02,Others,5973,95423.81
2015-03,Cargo,4208,92661.57
2015-03,Repairs,407,3186.39
2015-03,Bunkers,3295,144961.7
2015-03,Supplies,2518,88649.17
2015-03,Others,6512,104470.67
2015-04,Cargo,4132,94582.97
2015-04,Repairs,405,4091.99
2015-04,Bunkers,3384,147924.59
2015-04,Supplies,2606,91859.3
2015-04,Others,6210,107689.29
2015-05,Cargo,4174,95362.22
2015-05,Repairs,365,4172.73
2015-05,Bunkers,3497,149668.03
2015-05,Supplies,2508,87235.57
2015-05,Others,6363,99413.84
2015-06,Cargo,4084,94410.81
2015-06,Repairs,354,2706.19
2015-06,Bunkers,3246,139840.64
2015-06,Supplies,2474,90149.6
2015-06,Others,6426,99595.43
2015-07,Cargo,4115,99269.36
2015-07,Repairs,347,3788.33
2015-07,Bunkers,3418,143689.76
2015-07,Supplies,2496,87335.33
2015-07,Others,6574,99034.96
2015-08,Cargo,4109,98977.18
2015-08,Repairs,358,3893.54
2015-08,Bunkers,3670,163843.49
2015-08,Supplies,2562,97183.25
2015-08,Others,6757,107764.48
2015-09,Cargo,3970,94524.54
2015-09,Repairs,293,3329.53
2015-09,Bunkers,3385,148061.59
2015-09,Supplies,2379,85105.72
2015-09,Others,6432,98264.8
2015-10,Cargo,4026,94869.71
2015-10,Repairs,331,4448.98
2015-10,Bunkers,3468,152470.28
2015-10,Supplies,2473,91254.2
2015-10,Others,6644,102282.24
2015-11,Cargo,3915,91168.12
2015-11,Repairs,273,2977.99
2015-11,Bunkers,3397,149636.66
2015-11,Supplies,2506,91232.32
2015-11,Others,6677,108351.89
2015-12,Cargo,4037,95050.6
2015-12,Repairs,282,3138.09
2015-12,Bunkers,3610,161470.42
2015-12,Supplies,2560,91345.05
2015-12,Others,6690,106162.35
2016-01,Cargo,4134,96144.71
2016-01,Repairs,279,2153.62
2016-01,Bunkers,3640,163140.55
2016-01,Supplies,2686,96248.9
2016-01,Others,6777,107093.98
2016-02,Cargo,3730,91768.35
2016-02,Repairs,248,1664.48
2016-02,Bunkers,3273,140540.49
2016-02,Supplies,2535,88132.13
2016-02,Others,6353,98548.63
2016-03,Cargo,4123,96198.81
2016-03,Repairs,314,2498.1
2016-03,Bunkers,3672,159168.43
2016-03,Supplies,2782,97393.87
2016-03,Others,6956,111634.28
2016-04,Cargo,4019,98864.38
2016-04,Repairs,366,2971.49
2016-04,Bunkers,3641,160269.44
2016-04,Supplies,2667,96919.69
2016-04,Others,6780,111791
2016-05,Cargo,4094,102507.12
2016-05,Repairs,330,2152.33
2016-05,Bunkers,3626,162171.73
2016-05,Supplies,2682,98072.04
2016-05,Others,7110,111135.52
2016-06,Cargo,4066,101247.08
2016-06,Repairs,314,2207.98
2016-06,Bunkers,3516,155490.92
2016-06,Supplies,2648,95631.29
2016-06,Others,6755,103632.16
2016-07,Cargo,3918,100873.88
2016-07,Repairs,296,3053.94
2016-07,Bunkers,3553,159899.92
2016-07,Supplies,2610,94442.93
2016-07,Others,6791,104385.3
2016-08,Cargo,4242,99991.97
2016-08,Repairs,354,2884.9
2016-08,Bunkers,3561,162716.31
2016-08,Supplies,2583,96450.37
2016-08,Others,6866,108050.41
2016-09,Cargo,4231,99894.86
2016-09,Repairs,295,3057
2016-09,Bunkers,3324,147210.22
2016-09,Supplies,2449,89606.7
2016-09,Others,6713,101929.1
2016-10,Cargo,4330,95445.95
2016-10,Repairs,363,2992.64
2016-10,Bunkers,3507,156299.18
2016-10,Supplies,2536,91651.54
2016-10,Others,6998,104472.46
2016-11,Cargo,4387,94507.48
2016-11,Repairs,288,2524.14
2016-11,Bunkers,3521,160701.12
2016-11,Supplies,2499,95743.11
2016-11,Others,6773,109249.65
2016-12,Cargo,4556,101095.86
2016-12,Repairs,315,2060.82
2016-12,Bunkers,3546,156647.94
2016-12,Supplies,2588,97000.86
2016-12,Others,6949,102216.39
2017-01,Cargo,4175,98641.02
2017-01,Repairs,284,1736.72
2017-01,Bunkers,3630,170308.98
2017-01,Supplies,2828,106946.46
2017-01,Others,6927,106960.81
2017-02,Cargo,3826,86870.05
2017-02,Repairs,270,2273.51
2017-02,Bunkers,3218,151382.12
2017-02,Supplies,2505,97300.71
2017-02,Others,6271,101283.7
2017-03,Cargo,4550,99632.76
2017-03,Repairs,342,3947.1
2017-03,Bunkers,3589,166771.08
2017-03,Supplies,2800,104507.43
2017-03,Others,7243,115118.7
2017-04,Cargo,4685,101629.38
2017-04,Repairs,349,3536.36
2017-04,Bunkers,3495,161290.03
2017-04,Supplies,2643,96409.49
2017-04,Others,7093,109151.94
2017-05,Cargo,4983,111097.33
2017-05,Repairs,275,3413.19
2017-05,Bunkers,3513,170843.47
2017-05,Supplies,2616,99628.45
2017-05,Others,7181,115826.34
2017-06,Cargo,4684,105125.54
2017-06,Repairs,296,2812.39
2017-06,Bunkers,3378,164167.99
2017-06,Supplies,2520,97159.3
2017-06,Others,7120,111644.71
2017-07,Cargo,4180,104451.43
2017-07,Repairs,289,3298.62
2017-07,Bunkers,3386,166638.61
2017-07,Supplies,2585,103202.98
2017-07,Others,7290,115826.65
2017-08,Cargo,4266,106321.14
2017-08,Repairs,293,2731.41
2017-08,Bunkers,3334,164375.98
2017-08,Supplies,2476,99411.27
2017-08,Others,7193,113965.91
2017-09,Cargo,4072,104835.75
2017-09,Repairs,272,2765.63
2017-09,Bunkers,3299,162976.57
2017-09,Supplies,2477,100109.99
2017-09,Others,7109,115773.73
2017-10,Cargo,4848,110067.07
2017-10,Repairs,297,2589.35
2017-10,Bunkers,3322,160212.23
2017-10,Supplies,2459,94835.97
2017-10,Others,7283,113052.36
2017-11,Cargo,4848,110659.23
2017-11,Repairs,260,2289.02
2017-11,Bunkers,3203,157481.03
2017-11,Supplies,2506,99138.47
2017-11,Others,7045,118341.11
2017-12,Cargo,5003,115331.78
2017-12,Repairs,280,2320.29
2017-12,Bunkers,3369,164661.9
2017-12,Supplies,2531,99155.74
2017-12,Others,7261,113942.43
2018-01,Cargo,4942,113719.16
2018-01,Repairs,241,1811.95
2018-01,Bunkers,3472,170064
2018-01,Supplies,2576,101009.89
2018-01,Others,7102,115341.26
2018-02,Cargo,4156,103487.81
2018-02,Repairs,211,1851.94
2018-02,Bunkers,3094,152237.51
2018-02,Supplies,2252,88275.6
2018-02,Others,6565,107957.03
2018-03,Cargo,4701,109373.79
2018-03,Repairs,275,2907.81
2018-03,Bunkers,3414,162906.39
2018-03,Supplies,2541,96163.18
2018-03,Others,7541,120996.96
2018-04,Cargo,4479,107848.37
2018-04,Repairs,247,2331.96
2018-04,Bunkers,3329,167642.98
2018-04,Supplies,2506,99114.79
2018-04,Others,7264,121374.14
2018-05,Cargo,4485,111699.71
2018-05,Repairs,224,2723.12
2018-05,Bunkers,3237,156613.11
2018-05,Supplies,2401,91579.25
2018-05,Others,7509,114064.54
2018-06,Cargo,3883,106845.05
2018-06,Repairs,219,2937.7
2018-06,Bunkers,3130,155253.19
2018-06,Supplies,2271,90695.74
2018-06,Others,7244,116707.21
2018-07,Cargo,3974,103571.29
2018-07,Repairs,223,3156.81
2018-07,Bunkers,3297,164662.45
2018-07,Supplies,2369,88120.3
2018-07,Others,7639,123486.6
2018-08,Cargo,3938,102541.35
2018-08,Repairs,223,2591.05
2018-08,Bunkers,3128,156906.76
2018-08,Supplies,2300,87991.59
2018-08,Others,7411,118344.23
2018-09,Cargo,3814,99926.3
2018-09,Repairs,228,2481.6
2018-09,Bunkers,3310,168855.1
2018-09,Supplies,2378,94529.6
2018-09,Others,7395,121850
2018-10,Cargo,3900,100211.94
2018-10,Repairs,248,2726.26
2018-10,Bunkers,3340,172141.6
2018-10,Supplies,2464,95310.49
2018-10,Others,7598,125676.08
2018-11,Cargo,3691,99206.2
2018-11,Repairs,224,2188.62
2018-11,Bunkers,3255,166692.65
2018-11,Supplies,2372,93820.63
2018-11,Others,7193,122674.21
2018-12,Cargo,3816,100635.3
2018-12,Repairs,221,2119.76
2018-12,Bunkers,3465,172427.04
2018-12,Supplies,2389,95545.98
2018-12,Others,7611,118904.52
2019-01,Cargo,3842,99038.66
2019-01,Repairs,227,2079.82
2019-01,Bunkers,3546,183768.89
2019-01,Supplies,2466,100848.9
2019-01,Others,7419,127832.23
2019-02,Cargo,3291,87563.26
2019-02,Repairs,224,1513.55
2019-02,Bunkers,3180,163084.75
2019-02,Supplies,2240,91744.85
2019-02,Others,6695,118194.22
2019-03,Cargo,3835,99089.03
2019-03,Repairs,215,1603.03
2019-03,Bunkers,3320,163425.42
2019-03,Supplies,2359,92765.15
2019-03,Others,7421,120659.96
2019-04,Cargo,3720,101444.16
2019-04,Repairs,204,2690.26
2019-04,Bunkers,3290,162427.11
2019-04,Supplies,2244,88954.19
2019-04,Others,7314,124210.71
2019-05,Cargo,3877,105345.23
2019-05,Repairs,252,3096.92
2019-05,Bunkers,3316,164657.15
2019-05,Supplies,2404,95666.2
2019-05,Others,7598,126929.18
2019-06,Cargo,3569,101246.38
2019-06,Repairs,201,3330.93
2019-06,Bunkers,3284,164074.1
2019-06,Supplies,2263,88660.17
2019-06,Others,7316,121142.04
2019-07,Cargo,3844,104709.83
2019-07,Repairs,209,3616.02
2019-07,Bunkers,3348,167979.86
2019-07,Supplies,2430,100305.56
2019-07,Others,7584,130461.88
2019-08,Cargo,3769,101547.05
2019-08,Repairs,239,3207.48
2019-08,Bunkers,3423,171401.32
2019-08,Supplies,2403,94489.62
2019-08,Others,7726,125410.43
2019-09,Cargo,3715,101041.52
2019-09,Repairs,223,3476.93
2019-09,Bunkers,3394,179219.06
2019-09,Supplies,2396,97902.68
2019-09,Others,7526,128090.89
2019-10,Cargo,3950,101627.57
2019-10,Repairs,222,3447.6
2019-10,Bunkers,3442,186151.1
2019-10,Supplies,2518,105253.75
2019-10,Others,7872,134004.83
2019-11,Cargo,3905,101778.88
2019-11,Repairs,213,2547.96
2019-11,Bunkers,3537,185048.64
2019-11,Supplies,2526,100665.98
2019-11,Others,7549,129148.05
2019-12,Cargo,3906,98924.61
2019-12,Repairs,223,2644.86
2019-12,Bunkers,3829,196936.96
2019-12,Supplies,2667,110615.88
2019-12,Others,7767,135738.35
2020-01,Cargo,3852,100833
2020-01,Repairs,230,2865
2020-01,Bunkers,3591,194552
2020-01,Supplies,2690,115337
2020-01,Others,7728,133669
2020-02,Cargo,3593,89741
2020-02,Repairs,248,2347
2020-02,Bunkers,3188,166754
2020-02,Supplies,2496,104402
2020-02,Others,6635,100835
2020-03,Cargo,3828,98569
2020-03,Repairs,209,2030
2020-03,Bunkers,3557,180005
2020-03,Supplies,2707,110796
2020-03,Others,4435,63918
2020-04,Cargo,3350,94467.21
2020-04,Repairs,141,2839.28
2020-04,Bunkers,3202,167509.28
2020-04,Supplies,2321,98434.4
2020-04,Others,1226,9398.97
2020-05,Cargo,3059,88804.57
2020-05,Repairs,85,512.07
2020-05,Bunkers,3255,164809.32
2020-05,Supplies,2448,96211.91
2020-05,Others,921,7346.7
2020-06,Cargo,3081,91387.64
2020-06,Repairs,108,373.51
2020-06,Bunkers,3178,161729.39
2020-06,Supplies,2432,97538.57
2020-06,Others,1331,26930.74
2020-07,Cargo,3212,93695.23
2020-07,Repairs,104,508.75
2020-07,Bunkers,3624,186570.19
2020-07,Supplies,2656,114460.15
2020-07,Others,2066,70613.88
2020-08,Cargo,3334,98205.92
2020-08,Repairs,122,924
2020-08,Bunkers,3403,177894.74
2020-08,Supplies,2467,105582.73
2020-08,Others,1718,48146.64
2020-09,Cargo,3906,95719.48
2020-09,Repairs,223,1109.89
2020-09,Bunkers,3829,175279.34
2020-09,Supplies,2667,101518.98
2020-09,Others,7767,57730.53
2020-10,Cargo,3594,98326.61
2020-10,Repairs,182,2629.84
2020-10,Bunkers,3396,178560.41
2020-10,Supplies,2493,105819.46
2020-10,Others,2459,79226.78
2020-11,Cargo,3459,93875.75
2020-11,Repairs,199,2158.35
2020-11,Bunkers,3359,180218.28
2020-11,Supplies,2457,109474.6
2020-11,Others,2478,82403.39
2020-12,Cargo,3588,97265.13
2020-12,Repairs,188,2470.2
2020-12,Bunkers,3377,181483.21
2020-12,Supplies,2436,106831.78
2020-12,Others,2533,85214.34
2021-01,Cargo,3519,96808.02
2021-01,Repairs,217,2053.68
2021-01,Bunkers,3593,188012.39
2021-01,Supplies,2588,112207.38
2021-01,Others,2476,83484.16
2021-02,Cargo,3281,88961.58
2021-02,Repairs,184,1576.25
2021-02,Bunkers,3240,174582.58
2021-02,Supplies,2342,105732.17
2021-02,Others,2212,78501.14
2021-03,Cargo,3754,99569.52
2021-03,Repairs,201,2374.91
2021-03,Bunkers,3461,180824.75
2021-03,Supplies,2521,107400.45
2021-03,Others,2398,69091.02
2021-04,Cargo,3523,93406.85
2021-04,Repairs,198,2553.51
2021-04,Bunkers,3458,179824.41
2021-04,Supplies,2261,98845.75
2021-04,Others,2265,64587.05
2021-05,Cargo,3493,97117.55
2021-05,Repairs,215,1865.54
2021-05,Bunkers,3350,178505.99
2021-05,Supplies,2363,103776.58
2021-05,Others,1996,57786.79
2021-06,Cargo,3456,89571.84
2021-06,Repairs,185,1551.78
2021-06,Bunkers,3242,170618.65
2021-06,Supplies,2169,94242.53
2021-06,Others,2027,53268.28
2021-07,Cargo,3512,91493.88
2021-07,Repairs,163,1921.38
2021-07,Bunkers,3294,173359.26
2021-07,Supplies,2263,97603.34
2021-07,Others,2035,53901.76
2021-08,Cargo,3444,87735.62
2021-08,Repairs,139,1683.99
2021-08,Bunkers,3191,170933.5
2021-08,Supplies,2084,90053.74
2021-08,Others,2022,54526.28
2021-09,Cargo,3366,85530.51
2021-09,Repairs,99,1123.3
2021-09,Bunkers,3098,164423.15
2021-09,Supplies,2115,93264.69
2021-09,Others,1948,54358.04
2021-10,Cargo,3442,85157.58
2021-10,Repairs,114,1431.51
2021-10,Bunkers,3165,173413.73
2021-10,Supplies,2168,100926.95
2021-10,Others,2170,65776.02
2021-11,Cargo,3490,90772.4
2021-11,Repairs,113,1902.37
2021-11,Bunkers,3211,175931.98
2021-11,Supplies,2185,99758.5
2021-11,Others,2298,70060.97
2021-12,Cargo,3627,88928.31
2021-12,Repairs,116,1880.07
2021-12,Bunkers,3144,172273.65
2021-12,Supplies,2173,96830.79
2021-12,Others,2316,65701.05
2022-01,Cargo,3556,90213.83
2022-01,Repairs,103,1231.15
2022-01,Bunkers,3115,168311.07
2022-01,Supplies,2238,98023.35
2022-01,Others,2170,59851.55
2022-02,Cargo,3182,83881.96
2022-02,Repairs,100,1217.09
2022-02,Bunkers,2805,149768.46
2022-02,Supplies,2040,89525.29
2022-02,Others,1965,58258.37
2022-03,Cargo,3711,89751.86
2022-03,Repairs,127,2450.28
2022-03,Bunkers,3020,161553.01
2022-03,Supplies,2209,92695.03
2022-03,Others,2462,68596.73
2022-04,Cargo,3536,89878.15
2022-04,Repairs,108,1568.07
2022-04,Bunkers,3025,161322.81
2022-04,Supplies,2212,91435.52
2022-04,Others,2924,79641.09
2022-05,Cargo,3624,92916.98
2022-05,Repairs,105,1900.15
2022-05,Bunkers,3168,169454.19
2022-05,Supplies,2345,97358.46
2022-05,Others,3253,93300.33
2022-06,Cargo,3647,91345.02
2022-06,Repairs,116,2321.16
2022-06,Bunkers,2940,162539.82
2022-06,Supplies,2271,99146.79
2022-06,Others,3878,95978.85
2022-07,Cargo,3729,96349.14
2022-07,Repairs,119,3067.08
2022-07,Bunkers,3181,175994.73
2022-07,Supplies,2369,105668.39
2022-07,Others,4640,106931.03
2022-08,Cargo,3694,95683.74
2022-08,Repairs,121,2447.45
2022-08,Bunkers,3212,176949.77
2022-08,Supplies,2401,107972.49
2022-08,Others,4728,112272.05
2022-09,Cargo,3593,89912.29
2022-09,Repairs,135,2808.47
2022-09,Bunkers,3155,169684.98
2022-09,Supplies,2324,102906.37
2022-09,Others,4717,104733.32
2022-10,Cargo,3589,95367.44
2022-10,Repairs,131,2181.47
2022-10,Bunkers,3431,187365.54
2022-10,Supplies,2461,109749.92
2022-10,Others,5124,113891.3
2022-11,Cargo,3603,94070.51
2022-11,Repairs,130,1574.74
2022-11,Bunkers,3299,184000.64
2022-11,Supplies,2388,109087.1
2022-11,Others,5176,115806.54
2022-12,Cargo,3760,97390.35
2022-12,Repairs,128,2252.28
2022-12,Bunkers,3311,182057.18
2022-12,Supplies,2479,108095.71
2022-12,Others,5715,116662.28
2023-01,Cargo,3629,98748.56
2023-01,Repairs,108,1177.37
2023-01,Bunkers,3447,187938.8
2023-01,Supplies,2422,108499.54
2023-01,Others,5636,116983.6
2023-02,Cargo,3424,87713.44
2023-02,Repairs,123,1651.7
2023-02,Bunkers,3063,166743.15
2023-02,Supplies,2309,100093.09
2023-02,Others,5361,118884.02
2023-03,Cargo,3851,102393.47
2023-03,Repairs,139,1498.35
2023-03,Bunkers,3476,187513.91
2023-03,Supplies,2500,106381.37
2023-03,Others,6067,129906.13
2023-04,Cargo,3626,101044.74
2023-04,Repairs,117,2056.12
2023-04,Bunkers,3495,190949.69
2023-04,Supplies,2455,109582.86
2023-04,Others,5781,132505.19
2023-05,Cargo,3836,106093.38
2023-05,Repairs,137,1812.46
2023-05,Bunkers,3631,197684.69
2023-05,Supplies,2553,115626.12
2023-05,Others,6077,140847.31
2023-06,Cargo,3640,105415.25
2023-06,Repairs,118,1252.94
2023-06,Bunkers,3369,179164.08
2023-06,Supplies,2371,105520.69
2023-06,Others,5939,133596.46
2023-07,Cargo,3790,108499.91
2023-07,Repairs,125,1803.79
2023-07,Bunkers,3511,188233.61
2023-07,Supplies,2465,112215.58
2023-07,Others,6109,139548.44
2023-08,Cargo,3679,107224.66
2023-08,Repairs,105,1992.93
2023-08,Bunkers,3483,189383.59
2023-08,Supplies,2380,107113.99
2023-08,Others,5950,135700.53
2023-09,Cargo,3737,109537.67
2023-09,Repairs,131,2446.74
2023-09,Bunkers,3478,191811.98
2023-09,Supplies,2333,105114.88
2023-09,Others,5983,134225.16
2023-10,Cargo,3837,103608.71
2023-10,Repairs,130,1834.56
2023-10,Bunkers,3542,190022.01
2023-10,Supplies,2541,116408.6
2023-10,Others,6195,135027.79
2023-11,Cargo,3825,106728.68
2023-11,Repairs,93,1076.7
2023-11,Bunkers,3404,193716.06
2023-11,Supplies,2439,112589.13
2023-11,Others,6241,138539.76
2023-12,Cargo,3872,105936.51
2023-12,Repairs,138,1848.21
2023-12,Bunkers,3539,196145.3
2023-12,Supplies,2590,119621.88
2023-12,Others,6431,135338.03
2024-01,Cargo,3936,103694.49
2024-01,Repairs,106,738.29
2024-01,Bunkers,3751,209024.94
2024-01,Supplies,2577,119925.17
2024-01,Others,6332,139482.29
2024-02,Cargo,3545,96125.08
2024-02,Repairs,98,1108.95
2024-02,Bunkers,3359,186159.63
2024-02,Supplies,2458,115567.77
2024-02,Others,5884,128173.81
2024-03,Cargo,3859,100188.54
2024-03,Repairs,149,1428.79
2024-03,Bunkers,3495,191495.07
2024-03,Supplies,2523,120415.3
2024-03,Others,6388,136303.03
2024-04,Cargo,3680,99635.15
2024-04,Repairs,138,1785.81
2024-04,Bunkers,3389,186455.57
2024-04,Supplies,2364,104994.46
2024-04,Others,6010,125740.85
2024-05,Cargo,3904,100536.3
2024-05,Repairs,135,2386.47
2024-05,Bunkers,3532,196942.17
2024-05,Supplies,2503,118679.92
2024-05,Others,6386,141249.71
2024-06,Cargo,3579,92639.64
2024-06,Repairs,111,1170.12
2024-06,Bunkers,3353,179625.87
2024-06,Supplies,2281,103176.68
2024-06,Others,6100,128566.97
2024-07,Cargo,3903,100325.73
2024-07,Repairs,108,1436.45
2024-07,Bunkers,3557,197636.9
2024-07,Supplies,2443,113581.04
2024-07,Others,6383,139149.44
2024-08,Cargo,3851,99902.95
2024-08,Repairs,147,1561.17
2024-08,Bunkers,3536,195169.77
2024-08,Supplies,2488,115694.16
2024-08,Others,6481,136454.07
2024-09,Cargo,3738,98165.72
2024-09,Repairs,148,1534.29
2024-09,Bunkers,3267,175960.82
2024-09,Supplies,2417,108678.5
2024-09,Others,6148,130184.34
2024-10,Cargo,3901,103315.09
2024-10,Repairs,149,2018.72
2024-10,Bunkers,3452,191190.2
2024-10,Supplies,2369,107444.36
2024-10,Others,6367,136689.64
2024-11,Cargo,3788,102461.16
2024-11,Repairs,116,1070.4
2024-11,Bunkers,3296,184499.73
2024-11,Supplies,2401,106512.08
2024-11,Others,6211,138427.21
2024-12,Cargo,3807,107442.08
2024-12,Repairs,114,866.76
2024-12,Bunkers,3543,196269.81
2024-12,Supplies,2558,114995.67
2024-12,Others,6404,133532.72
2025-01,Cargo,3756,106451.43
2025-01,Repairs,102,446.93
2025-01,Bunkers,3580,201236.12
2025-01,Supplies,2478,110501.91
2025-01,Others,6361,135265.02
2025-02,Cargo,3505,95165.76
2025-02,Repairs,113,951.32
2025-02,Bunkers,3075,168390
2025-02,Supplies,2165,93507.2
2025-02,Others,5956,123477.5
2025-03,Cargo,3793,106445.9
2025-03,Repairs,107,789.4
2025-03,Bunkers,3522,189035.9
2025-03,Supplies,2349,104320.2
2025-03,Others,6504,135643.7
2025-04,Cargo,3759,105244.7
2025-04,Repairs,135,955.2
2025-04,Bunkers,3504,194172.2
2025-04,Supplies,2208,99739.7
2025-04,Others,6303,131924.6
2025-05,Cargo,4196,114382.72
2025-05,Repairs,138,1281.37
2025-05,Bunkers,3637,200529.92
2025-05,Supplies,2354,103744.33
2025-05,Others,6739,139170.1
2025-06,Cargo,4060,111855.56
2025-06,Repairs,85,941.49
2025-06,Bunkers,3402,188861.42
2025-06,Supplies,2224,98867.05
2025-06,Others,6512,133843.38
2025-07,Cargo,4125,112983.47
2025-07,Repairs,100,1195.54
2025-07,Bunkers,3651,206115.73
2025-07,Supplies,2331,110071.2
2025-07,Others,6760,146179.97
2025-08,Cargo,4094,113058.95
2025-08,Repairs,115,964.61
2025-08,Bunkers,3608,201825.41
2025-08,Supplies,2332,109660.79
2025-08,Others,6715,139433.86
2025-09,Cargo,4007,109767.17
2025-09,Repairs,117,1377.87
2025-09,Bunkers,3518,191200.84
2025-09,Supplies,2311,103643.66
2025-09,Others,6663,133678.05
2025-10,Cargo,4198,115827.93
2025-10,Repairs,115,872.4
2025-10,Bunkers,3753,203495.88
2025-10,Supplies,2388,111413.05
2025-10,Others,6918,142616.77
2025-11,Cargo,4134,111677.96
2025-11,Repairs,109,1175.53
2025-11,Bunkers,3632,200849.46
2025-11,Supplies,2360,111567.19
2025-11,Others,6822,142186.09
2025-12,Cargo,4229,116067.7
2025-12,Repairs,115,753.12
2025-12,Bunkers,3721,206934.56
2025-12,Supplies,2424,116806.79
2025-12,Others,7234,144935.55
2026-01,Cargo,4314,119289.11
2026-01,Repairs,102,538.4
2026-01,Bunkers,3778,210383.37
2026-01,Supplies,2448,115882.23
2026-01,Others,7264,142766.47
